mean_fit_time,std_fit_time,mean_score_time,std_score_time,param_max_depth,param_max_features,param_max_samples,param_min_samples_split,params,split0_test_score,split1_test_score,split2_test_score,split3_test_score,split4_test_score,mean_test_score,std_test_score,rank_test_score
0.3548093318939209,0.01757203088429307,0.008961915969848633,0.0010517378320667819,3,0.7,0.7,0.01,"{'max_depth': 3, 'max_features': 0.7, 'max_samples': 0.7, 'min_samples_split': 0.01}",0.52,0.57,0.535,0.515,0.535,0.535,0.019235384061671322,65
0.3721017360687256,0.007642035555124677,0.010222053527832032,0.0005515001480181955,3,0.7,0.7,0.03,"{'max_depth': 3, 'max_features': 0.7, 'max_samples': 0.7, 'min_samples_split': 0.03}",0.535,0.535,0.53,0.53,0.525,0.5309999999999999,0.0037416573867739447,116
0.3402468204498291,0.022708456397328512,0.009403228759765625,0.0006298751377776649,3,0.7,0.7,0.07,"{'max_depth': 3, 'max_features': 0.7, 'max_samples': 0.7, 'min_samples_split': 0.07}",0.555,0.535,0.55,0.51,0.52,0.534,0.017146428199482262,80
0.35250086784362794,0.041071936251782126,0.010359477996826173,0.0031930075071576044,3,0.7,0.7,0.1,"{'max_depth': 3, 'max_features': 0.7, 'max_samples': 0.7, 'min_samples_split': 0.1}",0.505,0.53,0.52,0.535,0.52,0.522,0.01029563014098701,207
0.3468348026275635,0.027531705218586677,0.010323333740234374,0.0018882356227726469,3,0.7,0.8,0.01,"{'max_depth': 3, 'max_features': 0.7, 'max_samples': 0.8, 'min_samples_split': 0.01}",0.52,0.58,0.56,0.54,0.52,0.544,0.023323807579381187,8
0.34369211196899413,0.0292816804805303,0.008773517608642579,0.0013691225082965344,3,0.7,0.8,0.03,"{'max_depth': 3, 'max_features': 0.7, 'max_samples': 0.8, 'min_samples_split': 0.03}",0.53,0.57,0.52,0.535,0.53,0.5370000000000001,0.01720465053408523,42
0.3733647346496582,0.01658640163362237,0.009188699722290038,0.0008010051095654111,3,0.7,0.8,0.07,"{'max_depth': 3, 'max_features': 0.7, 'max_samples': 0.8, 'min_samples_split': 0.07}",0.51,0.53,0.545,0.5,0.52,0.521,0.015620499351813323,216
0.3766444206237793,0.017638494185777176,0.008857202529907227,0.0017077090675661438,3,0.7,0.8,0.1,"{'max_depth': 3, 'max_features': 0.7, 'max_samples': 0.8, 'min_samples_split': 0.1}",0.505,0.535,0.54,0.51,0.505,0.5189999999999999,0.015297058540778367,235
0.40325007438659666,0.005513973296090473,0.010335159301757813,0.0008251965285088041,3,0.7,0.9,0.01,"{'max_depth': 3, 'max_features': 0.7, 'max_samples': 0.9, 'min_samples_split': 0.01}",0.535,0.555,0.54,0.5,0.52,0.53,0.018708286933869726,118
0.4098491668701172,0.01904523104471571,0.010390853881835938,0.0007210319867018125,3,0.7,0.9,0.03,"{'max_depth': 3, 'max_features': 0.7, 'max_samples': 0.9, 'min_samples_split': 0.03}",0.52,0.54,0.555,0.51,0.515,0.528,0.01691153452528778,147
0.38996076583862305,0.015013267071143567,0.009490203857421876,0.0017644277627632719,3,0.7,0.9,0.07,"{'max_depth': 3, 'max_features': 0.7, 'max_samples': 0.9, 'min_samples_split': 0.07}",0.535,0.565,0.535,0.52,0.53,0.5370000000000001,0.01503329637837288,42
0.42296395301818845,0.026102005366316534,0.009768295288085937,0.0009491900565027739,3,0.7,0.9,0.1,"{'max_depth': 3, 'max_features': 0.7, 'max_samples': 0.9, 'min_samples_split': 0.1}",0.535,0.56,0.535,0.52,0.5,0.53,0.019748417658131515,118
0.4038362503051758,0.013855286100831508,0.009573125839233398,0.0015392742082782293,3,0.7,1.0,0.01,"{'max_depth': 3, 'max_features': 0.7, 'max_samples': 1.0, 'min_samples_split': 0.01}",0.495,0.535,0.55,0.525,0.515,0.524,0.018547236990991423,189
0.4172873020172119,0.028045273562082397,0.010678243637084962,0.0012601317344109754,3,0.7,1.0,0.03,"{'max_depth': 3, 'max_features': 0.7, 'max_samples': 1.0, 'min_samples_split': 0.03}",0.53,0.575,0.54,0.545,0.5,0.538,0.024207436873820397,37
0.3861886501312256,0.014471217938793007,0.008983421325683593,0.00095841063023564,3,0.7,1.0,0.07,"{'max_depth': 3, 'max_features': 0.7, 'max_samples': 1.0, 'min_samples_split': 0.07}",0.525,0.575,0.54,0.51,0.535,0.5370000000000001,0.02158703314492288,42
0.39009857177734375,0.015828176811540664,0.009961271286010742,0.0008789352653932699,3,0.7,1.0,0.1,"{'max_depth': 3, 'max_features': 0.7, 'max_samples': 1.0, 'min_samples_split': 0.1}",0.535,0.515,0.54,0.52,0.535,0.5290000000000001,0.009695359714832666,134
0.36429996490478517,0.018463483492852432,0.009345436096191406,0.0009432499571213358,3,0.8,0.7,0.01,"{'max_depth': 3, 'max_features': 0.8, 'max_samples': 0.7, 'min_samples_split': 0.01}",0.52,0.55,0.54,0.515,0.535,0.532,0.012884098726725137,102
0.35549092292785645,0.023619385913913122,0.009266853332519531,0.001794270849470851,3,0.8,0.7,0.03,"{'max_depth': 3, 'max_features': 0.8, 'max_samples': 0.7, 'min_samples_split': 0.03}",0.545,0.565,0.53,0.525,0.54,0.541,0.013928388277184093,20
0.35969157218933107,0.03788054288022409,0.009149599075317382,0.0017490518742608815,3,0.8,0.7,0.07,"{'max_depth': 3, 'max_features': 0.8, 'max_samples': 0.7, 'min_samples_split': 0.07}",0.545,0.545,0.555,0.505,0.515,0.533,0.019390719429665332,96
0.4134981632232666,0.012130466720011928,0.010583114624023438,0.0016322237644664274,3,0.8,0.7,0.1,"{'max_depth': 3, 'max_features': 0.8, 'max_samples': 0.7, 'min_samples_split': 0.1}",0.51,0.56,0.505,0.51,0.525,0.522,0.020149441679609904,207
0.3707076072692871,0.03094410848690665,0.00846562385559082,0.0007568384640837996,3,0.8,0.8,0.01,"{'max_depth': 3, 'max_features': 0.8, 'max_samples': 0.8, 'min_samples_split': 0.01}",0.5,0.56,0.545,0.505,0.53,0.5279999999999999,0.02293468988235945,159
0.36664204597473143,0.013654286221782485,0.008667945861816406,0.0018455512233388287,3,0.8,0.8,0.03,"{'max_depth': 3, 'max_features': 0.8, 'max_samples': 0.8, 'min_samples_split': 0.03}",0.525,0.56,0.54,0.535,0.54,0.54,0.01140175425099139,26
0.37899441719055177,0.021664704887475048,0.01008138656616211,0.0031990144031168633,3,0.8,0.8,0.07,"{'max_depth': 3, 'max_features': 0.8, 'max_samples': 0.8, 'min_samples_split': 0.07}",0.53,0.565,0.535,0.52,0.52,0.534,0.016552945357246822,80
0.4297211170196533,0.005335822324843832,0.010391712188720703,0.0005456096118966548,3,0.8,0.8,0.1,"{'max_depth': 3, 'max_features': 0.8, 'max_samples': 0.8, 'min_samples_split': 0.1}",0.51,0.54,0.545,0.53,0.515,0.528,0.01363818169698587,147
0.4370159149169922,0.028403129484366147,0.010130167007446289,0.0012916865390385935,3,0.8,0.9,0.01,"{'max_depth': 3, 'max_features': 0.8, 'max_samples': 0.9, 'min_samples_split': 0.01}",0.545,0.535,0.57,0.525,0.535,0.542,0.01536229149573719,13
0.4035759449005127,0.016288983902231973,0.009059476852416991,0.0013663904962841042,3,0.8,0.9,0.03,"{'max_depth': 3, 'max_features': 0.8, 'max_samples': 0.9, 'min_samples_split': 0.03}",0.475,0.57,0.555,0.51,0.525,0.527,0.033555923471125036,163
0.40943431854248047,0.018418307327960622,0.010417699813842773,0.003793461614497443,3,0.8,0.9,0.07,"{'max_depth': 3, 'max_features': 0.8, 'max_samples': 0.9, 'min_samples_split': 0.07}",0.52,0.54,0.55,0.505,0.5,0.523,0.019390719429665332,198
0.384259033203125,0.023413859601766344,0.009071922302246094,0.0009432007447716092,3,0.8,0.9,0.1,"{'max_depth': 3, 'max_features': 0.8, 'max_samples': 0.9, 'min_samples_split': 0.1}",0.53,0.545,0.54,0.555,0.535,0.5410000000000001,0.008602325267042634,19
0.4047147274017334,0.030670769212998352,0.008068418502807618,0.0013662018985897489,3,0.8,1.0,0.01,"{'max_depth': 3, 'max_features': 0.8, 'max_samples': 1.0, 'min_samples_split': 0.01}",0.495,0.56,0.54,0.525,0.52,0.528,0.021587033144922923,147
0.4425356388092041,0.033059553411826155,0.010711431503295898,0.0017086420330989205,3,0.8,1.0,0.03,"{'max_depth': 3, 'max_features': 0.8, 'max_samples': 1.0, 'min_samples_split': 0.03}",0.51,0.535,0.53,0.525,0.53,0.526,0.008602325267042634,172
0.4350386619567871,0.02155253868481056,0.010075092315673828,0.00024242942295291852,3,0.8,1.0,0.07,"{'max_depth': 3, 'max_features': 0.8, 'max_samples': 1.0, 'min_samples_split': 0.07}",0.535,0.565,0.525,0.525,0.505,0.5309999999999999,0.019595917942265402,116
0.45207982063293456,0.017942333321548057,0.009963178634643554,0.0016570449221469763,3,0.8,1.0,0.1,"{'max_depth': 3, 'max_features': 0.8, 'max_samples': 1.0, 'min_samples_split': 0.1}",0.54,0.53,0.53,0.515,0.51,0.525,0.010954451150103331,182
0.42351727485656737,0.016549975526965563,0.009299850463867188,0.0006452252651004377,3,0.9,0.7,0.01,"{'max_depth': 3, 'max_features': 0.9, 'max_samples': 0.7, 'min_samples_split': 0.01}",0.49,0.54,0.55,0.525,0.5,0.521,0.022891046284519215,216
0.414461612701416,0.0325692678558417,0.00985126495361328,0.0007109742992203608,3,0.9,0.7,0.03,"{'max_depth': 3, 'max_features': 0.9, 'max_samples': 0.7, 'min_samples_split': 0.03}",0.525,0.57,0.525,0.535,0.525,0.536,0.017435595774162666,54
0.40538530349731444,0.02885995447031614,0.01056499481201172,0.0027573486342855565,3,0.9,0.7,0.07,"{'max_depth': 3, 'max_features': 0.9, 'max_samples': 0.7, 'min_samples_split': 0.07}",0.495,0.535,0.515,0.54,0.495,0.516,0.019078784028338933,246
0.38198304176330566,0.011839617379161546,0.008698272705078124,0.0011417827906837596,3,0.9,0.7,0.1,"{'max_depth': 3, 'max_features': 0.9, 'max_samples': 0.7, 'min_samples_split': 0.1}",0.52,0.52,0.565,0.525,0.505,0.5269999999999999,0.020149441679609862,167
0.4038480281829834,0.010485400505076584,0.00932159423828125,0.001486494619634596,3,0.9,0.8,0.01,"{'max_depth': 3, 'max_features': 0.9, 'max_samples': 0.8, 'min_samples_split': 0.01}",0.54,0.545,0.55,0.5,0.525,0.5319999999999999,0.018055470085267804,107
0.42746529579162595,0.01310167470912935,0.00876150131225586,0.00046697455839336913,3,0.9,0.8,0.03,"{'max_depth': 3, 'max_features': 0.9, 'max_samples': 0.8, 'min_samples_split': 0.03}",0.48,0.57,0.555,0.49,0.51,0.5209999999999999,0.035552777669262355,222
0.40032782554626467,0.02108980328190341,0.009079790115356446,0.0010907396834724,3,0.9,0.8,0.07,"{'max_depth': 3, 'max_features': 0.9, 'max_samples': 0.8, 'min_samples_split': 0.07}",0.535,0.545,0.555,0.505,0.53,0.534,0.01685229954635273,80
0.3943760395050049,0.010969782654023102,0.00920724868774414,0.001356914221128945,3,0.9,0.8,0.1,"{'max_depth': 3, 'max_features': 0.9, 'max_samples': 0.8, 'min_samples_split': 0.1}",0.52,0.52,0.535,0.515,0.505,0.519,0.009695359714832666,232
0.4555196285247803,0.027375342594978154,0.009474945068359376,0.0018499540549370872,3,0.9,0.9,0.01,"{'max_depth': 3, 'max_features': 0.9, 'max_samples': 0.9, 'min_samples_split': 0.01}",0.54,0.555,0.535,0.52,0.535,0.5370000000000001,0.011224972160321834,42
0.4318691730499268,0.021914603499112024,0.00902261734008789,0.0018137023970152617,3,0.9,0.9,0.03,"{'max_depth': 3, 'max_features': 0.9, 'max_samples': 0.9, 'min_samples_split': 0.03}",0.53,0.55,0.55,0.51,0.535,0.535,0.01483239697419134,65
0.46502203941345216,0.02455997749934508,0.009728384017944337,0.0016835119368406187,3,0.9,0.9,0.07,"{'max_depth': 3, 'max_features': 0.9, 'max_samples': 0.9, 'min_samples_split': 0.07}",0.525,0.535,0.55,0.535,0.51,0.531,0.01319090595827293,109
0.4143000602722168,0.027020275876889294,0.008917284011840821,0.0014830197495367902,3,0.9,0.9,0.1,"{'max_depth': 3, 'max_features': 0.9, 'max_samples': 0.9, 'min_samples_split': 0.1}",0.5,0.535,0.53,0.525,0.5,0.518,0.015033296378372923,236
0.4264275550842285,0.01705047434053546,0.0087982177734375,0.0015766101903903584,3,0.9,1.0,0.01,"{'max_depth': 3, 'max_features': 0.9, 'max_samples': 1.0, 'min_samples_split': 0.01}",0.51,0.595,0.55,0.505,0.505,0.533,0.03529872518944557,96
0.4677375316619873,0.021554018673873958,0.009696054458618163,0.0016480568236965129,3,0.9,1.0,0.03,"{'max_depth': 3, 'max_features': 0.9, 'max_samples': 1.0, 'min_samples_split': 0.03}",0.535,0.545,0.535,0.5,0.53,0.5290000000000001,0.015297058540778367,134
0.4789973258972168,0.019217304114225276,0.010649299621582032,0.002267851393354854,3,0.9,1.0,0.07,"{'max_depth': 3, 'max_features': 0.9, 'max_samples': 1.0, 'min_samples_split': 0.07}",0.525,0.545,0.535,0.51,0.505,0.524,0.014966629547095779,189
0.4574216365814209,0.012686636982546321,0.009621381759643555,0.00045175213638366107,3,0.9,1.0,0.1,"{'max_depth': 3, 'max_features': 0.9, 'max_samples': 1.0, 'min_samples_split': 0.1}",0.535,0.525,0.53,0.51,0.495,0.519,0.014628738838327807,232
0.42048277854919436,0.019554205577423878,0.010117435455322265,0.0006378708001690605,3,1.0,0.7,0.01,"{'max_depth': 3, 'max_features': 1.0, 'max_samples': 0.7, 'min_samples_split': 0.01}",0.505,0.55,0.54,0.525,0.495,0.523,0.02063976744055031,198
0.46242642402648926,0.02523360677827386,0.009754657745361328,0.002131386511271056,3,1.0,0.7,0.03,"{'max_depth': 3, 'max_features': 1.0, 'max_samples': 0.7, 'min_samples_split': 0.03}",0.555,0.555,0.55,0.525,0.505,0.538,0.019899748742132416,37
0.3998816967010498,0.0172442173867832,0.00984487533569336,0.0016949116159004126,3,1.0,0.7,0.07,"{'max_depth': 3, 'max_features': 1.0, 'max_samples': 0.7, 'min_samples_split': 0.07}",0.545,0.545,0.53,0.52,0.5,0.528,0.016911534525287777,147
0.42986884117126467,0.029985581248479286,0.009342193603515625,0.002160235176726586,3,1.0,0.7,0.1,"{'max_depth': 3, 'max_features': 1.0, 'max_samples': 0.7, 'min_samples_split': 0.1}",0.525,0.545,0.525,0.51,0.505,0.522,0.014000000000000012,207
0.5364322185516357,0.02295282336167511,0.013894462585449218,0.003830475225823702,3,1.0,0.8,0.01,"{'max_depth': 3, 'max_features': 1.0, 'max_samples': 0.8, 'min_samples_split': 0.01}",0.545,0.55,0.55,0.54,0.525,0.542,0.009273618495495713,13
0.4942653179168701,0.03139928861578682,0.01011829376220703,0.0017947960443634224,3,1.0,0.8,0.03,"{'max_depth': 3, 'max_features': 1.0, 'max_samples': 0.8, 'min_samples_split': 0.03}",0.525,0.535,0.525,0.525,0.495,0.521,0.01356465996625055,216
0.5108854293823242,0.047392615373633776,0.010993289947509765,0.0020477261877246463,3,1.0,0.8,0.07,"{'max_depth': 3, 'max_features': 1.0, 'max_samples': 0.8, 'min_samples_split': 0.07}",0.54,0.54,0.525,0.53,0.505,0.5279999999999999,0.012884098726725137,159
0.5317290782928467,0.016401022719397713,0.010828351974487305,0.0017153265988349643,3,1.0,0.8,0.1,"{'max_depth': 3, 'max_features': 1.0, 'max_samples': 0.8, 'min_samples_split': 0.1}",0.505,0.545,0.54,0.5,0.5,0.518,0.020149441679609904,236
0.45450100898742674,0.04017541485468005,0.009513616561889648,0.0021103738202819214,3,1.0,0.9,0.01,"{'max_depth': 3, 'max_features': 1.0, 'max_samples': 0.9, 'min_samples_split': 0.01}",0.51,0.54,0.54,0.51,0.5,0.52,0.016733200530681523,226
0.4696036338806152,0.036051114945094914,0.009668207168579102,0.002219901727059335,3,1.0,0.9,0.03,"{'max_depth': 3, 'max_features': 1.0, 'max_samples': 0.9, 'min_samples_split': 0.03}",0.51,0.545,0.545,0.515,0.535,0.53,0.01483239697419134,118
0.5078434944152832,0.025551928491757338,0.010316610336303711,0.001087994600986111,3,1.0,0.9,0.07,"{'max_depth': 3, 'max_features': 1.0, 'max_samples': 0.9, 'min_samples_split': 0.07}",0.52,0.535,0.535,0.505,0.52,0.523,0.011224972160321834,198
0.5108296871185303,0.00716174647221502,0.011224794387817382,0.0005606906995022044,3,1.0,0.9,0.1,"{'max_depth': 3, 'max_features': 1.0, 'max_samples': 0.9, 'min_samples_split': 0.1}",0.54,0.55,0.53,0.515,0.515,0.53,0.013784048752090234,118
0.5274442195892334,0.023604744516083173,0.009966707229614258,0.0008391680014662573,3,1.0,1.0,0.01,"{'max_depth': 3, 'max_features': 1.0, 'max_samples': 1.0, 'min_samples_split': 0.01}",0.515,0.565,0.54,0.505,0.54,0.533,0.02111871208194286,96
0.5124013423919678,0.019762565582471886,0.010032844543457032,0.0011341893660858388,3,1.0,1.0,0.03,"{'max_depth': 3, 'max_features': 1.0, 'max_samples': 1.0, 'min_samples_split': 0.03}",0.505,0.555,0.55,0.515,0.505,0.526,0.02200000000000002,172
0.5072501182556153,0.04010563362801779,0.010236072540283202,0.0013894425344749125,3,1.0,1.0,0.07,"{'max_depth': 3, 'max_features': 1.0, 'max_samples': 1.0, 'min_samples_split': 0.07}",0.505,0.555,0.54,0.52,0.535,0.531,0.017146428199482262,109
0.44388618469238283,0.014832646938599519,0.008417081832885743,0.0011573936192589443,3,1.0,1.0,0.1,"{'max_depth': 3, 'max_features': 1.0, 'max_samples': 1.0, 'min_samples_split': 0.1}",0.495,0.555,0.52,0.51,0.49,0.514,0.023108440016582705,252
0.4841437816619873,0.019729927011115454,0.011093807220458985,0.0005588830404457502,5,0.7,0.7,0.01,"{'max_depth': 5, 'max_features': 0.7, 'max_samples': 0.7, 'min_samples_split': 0.01}",0.52,0.555,0.525,0.56,0.515,0.535,0.018708286933869722,65
0.473143196105957,0.025349796276754537,0.010753774642944336,0.0008544370860189691,5,0.7,0.7,0.03,"{'max_depth': 5, 'max_features': 0.7, 'max_samples': 0.7, 'min_samples_split': 0.03}",0.49,0.545,0.55,0.54,0.51,0.5269999999999999,0.02315167380558047,167
0.4739274024963379,0.00814572433950482,0.010595464706420898,0.001036412880974581,5,0.7,0.7,0.07,"{'max_depth': 5, 'max_features': 0.7, 'max_samples': 0.7, 'min_samples_split': 0.07}",0.52,0.54,0.54,0.53,0.515,0.529,0.01019803902718558,140
0.45026297569274903,0.020348550035272212,0.009187078475952149,0.0008636141854243202,5,0.7,0.7,0.1,"{'max_depth': 5, 'max_features': 0.7, 'max_samples': 0.7, 'min_samples_split': 0.1}",0.48,0.515,0.525,0.525,0.53,0.515,0.018165902124584965,250
0.5019481658935547,0.007254746151527252,0.011107969284057616,0.00037014932138311994,5,0.7,0.8,0.01,"{'max_depth': 5, 'max_features': 0.7, 'max_samples': 0.8, 'min_samples_split': 0.01}",0.505,0.56,0.55,0.545,0.55,0.542,0.019131126469709006,13
0.4546024322509766,0.03607012293225002,0.010468769073486327,0.002398180455200158,5,0.7,0.8,0.03,"{'max_depth': 5, 'max_features': 0.7, 'max_samples': 0.8, 'min_samples_split': 0.03}",0.525,0.54,0.56,0.515,0.53,0.534,0.015297058540778369,80
0.45824589729309084,0.020648491215273623,0.009377813339233399,0.0029446298293016506,5,0.7,0.8,0.07,"{'max_depth': 5, 'max_features': 0.7, 'max_samples': 0.8, 'min_samples_split': 0.07}",0.49,0.56,0.515,0.51,0.525,0.52,0.023021728866442694,226
0.4321230411529541,0.010467666043025745,0.009694862365722656,0.0023007638287594334,5,0.7,0.8,0.1,"{'max_depth': 5, 'max_features': 0.7, 'max_samples': 0.8, 'min_samples_split': 0.1}",0.54,0.545,0.545,0.505,0.515,0.53,0.016733200530681523,118
0.5093128204345703,0.025415675172013253,0.010741710662841797,0.0005144524699744636,5,0.7,0.9,0.01,"{'max_depth': 5, 'max_features': 0.7, 'max_samples': 0.9, 'min_samples_split': 0.01}",0.51,0.52,0.55,0.515,0.555,0.53,0.018708286933869726,118
0.5427649021148682,0.021540097530675723,0.010243892669677734,0.0006689585183877975,5,0.7,0.9,0.03,"{'max_depth': 5, 'max_features': 0.7, 'max_samples': 0.9, 'min_samples_split': 0.03}",0.53,0.595,0.575,0.55,0.54,0.558,0.02379075450674061,1
0.5205544471740723,0.01575728063046415,0.01155104637145996,0.0006197717006758504,5,0.7,0.9,0.07,"{'max_depth': 5, 'max_features': 0.7, 'max_samples': 0.9, 'min_samples_split': 0.07}",0.5,0.535,0.54,0.515,0.53,0.524,0.014628738838327807,189
0.4966381072998047,0.029386602718106464,0.009633970260620118,0.0015256277145814403,5,0.7,0.9,0.1,"{'max_depth': 5, 'max_features': 0.7, 'max_samples': 0.9, 'min_samples_split': 0.1}",0.52,0.555,0.52,0.505,0.52,0.524,0.016552945357246864,189
0.47336883544921876,0.015065005995618785,0.009940767288208007,0.0017163390734548367,5,0.7,1.0,0.01,"{'max_depth': 5, 'max_features': 0.7, 'max_samples': 1.0, 'min_samples_split': 0.01}",0.535,0.56,0.535,0.54,0.525,0.539,0.011575836902790236,31
0.5331532478332519,0.00851453952437307,0.01077733039855957,0.0004063428101822767,5,0.7,1.0,0.03,"{'max_depth': 5, 'max_features': 0.7, 'max_samples': 1.0, 'min_samples_split': 0.03}",0.515,0.545,0.55,0.535,0.535,0.536,0.01200000000000001,54
0.5486820697784424,0.024276842850357316,0.009735727310180664,0.0014674687722540242,5,0.7,1.0,0.07,"{'max_depth': 5, 'max_features': 0.7, 'max_samples': 1.0, 'min_samples_split': 0.07}",0.515,0.56,0.535,0.53,0.505,0.5290000000000001,0.018814887722226795,134
0.5489041328430175,0.011677072779022264,0.010623931884765625,0.0013737267723416045,5,0.7,1.0,0.1,"{'max_depth': 5, 'max_features': 0.7, 'max_samples': 1.0, 'min_samples_split': 0.1}",0.49,0.545,0.515,0.515,0.49,0.5110000000000001,0.020346989949375824,254
0.5166870594024658,0.015026626120304502,0.01030106544494629,0.0007237858652398549,5,0.8,0.7,0.01,"{'max_depth': 5, 'max_features': 0.8, 'max_samples': 0.7, 'min_samples_split': 0.01}",0.545,0.53,0.54,0.55,0.545,0.542,0.006782329983125274,13
0.4820736885070801,0.021167693214726405,0.010250091552734375,0.00038826021634644724,5,0.8,0.7,0.03,"{'max_depth': 5, 'max_features': 0.8, 'max_samples': 0.7, 'min_samples_split': 0.03}",0.515,0.525,0.53,0.52,0.55,0.5279999999999999,0.012083045973594582,159
0.43012475967407227,0.012283685560263989,0.009934139251708985,0.0013545784788234505,5,0.8,0.7,0.07,"{'max_depth': 5, 'max_features': 0.8, 'max_samples': 0.7, 'min_samples_split': 0.07}",0.51,0.565,0.525,0.53,0.52,0.53,0.01870828693386968,118
0.4849327564239502,0.038354033362316374,0.011066818237304687,0.001534531592039886,5,0.8,0.7,0.1,"{'max_depth': 5, 'max_features': 0.8, 'max_samples': 0.7, 'min_samples_split': 0.1}",0.555,0.565,0.555,0.505,0.53,0.542,0.021817424229271427,13
0.5488644123077393,0.014745463287419668,0.010115432739257812,0.0006122319009057819,5,0.8,0.8,0.01,"{'max_depth': 5, 'max_features': 0.8, 'max_samples': 0.8, 'min_samples_split': 0.01}",0.525,0.565,0.58,0.52,0.5,0.538,0.02976575213227441,37
0.5257952690124512,0.014379983609236417,0.01040349006652832,0.0006688266544712773,5,0.8,0.8,0.03,"{'max_depth': 5, 'max_features': 0.8, 'max_samples': 0.8, 'min_samples_split': 0.03}",0.5,0.555,0.555,0.55,0.54,0.54,0.02073644135332774,26
0.5333077907562256,0.02233064968979634,0.010842323303222656,0.001689926893048677,5,0.8,0.8,0.07,"{'max_depth': 5, 'max_features': 0.8, 'max_samples': 0.8, 'min_samples_split': 0.07}",0.51,0.56,0.54,0.52,0.505,0.5269999999999999,0.02039607805437116,167
0.5188306331634521,0.02436361895457442,0.011269092559814453,0.0008694983390459285,5,0.8,0.8,0.1,"{'max_depth': 5, 'max_features': 0.8, 'max_samples': 0.8, 'min_samples_split': 0.1}",0.51,0.535,0.56,0.515,0.525,0.529,0.017720045146669368,140
0.5129522800445556,0.02832370556628322,0.008988475799560547,0.0007030448736240542,5,0.8,0.9,0.01,"{'max_depth': 5, 'max_features': 0.8, 'max_samples': 0.9, 'min_samples_split': 0.01}",0.52,0.525,0.555,0.535,0.505,0.528,0.016613247725836167,147
0.5555017471313477,0.02544828435723131,0.011018705368041993,0.000831019446001218,5,0.8,0.9,0.03,"{'max_depth': 5, 'max_features': 0.8, 'max_samples': 0.9, 'min_samples_split': 0.03}",0.49,0.55,0.565,0.52,0.555,0.536,0.027459060435491962,54
0.5643413543701172,0.007495367560139812,0.010898971557617187,0.0009528646322120798,5,0.8,0.9,0.07,"{'max_depth': 5, 'max_features': 0.8, 'max_samples': 0.9, 'min_samples_split': 0.07}",0.535,0.555,0.54,0.545,0.51,0.5370000000000001,0.015033296378372923,42
0.5329639434814453,0.014248492173304676,0.009923171997070313,0.001326498346201019,5,0.8,0.9,0.1,"{'max_depth': 5, 'max_features': 0.8, 'max_samples': 0.9, 'min_samples_split': 0.1}",0.505,0.53,0.55,0.53,0.485,0.52,0.02258317958127245,226
0.5687016487121582,0.009137301091950226,0.009933185577392579,0.0012783369456222944,5,0.8,1.0,0.01,"{'max_depth': 5, 'max_features': 0.8, 'max_samples': 1.0, 'min_samples_split': 0.01}",0.54,0.56,0.56,0.5,0.525,0.537,0.022715633383201112,49
0.5705615043640136,0.030378849943800072,0.009804391860961914,0.0010274494308624934,5,0.8,1.0,0.03,"{'max_depth': 5, 'max_features': 0.8, 'max_samples': 1.0, 'min_samples_split': 0.03}",0.525,0.56,0.545,0.52,0.525,0.5349999999999999,0.015165750888103114,75
0.5281048774719238,0.0291242947436603,0.008570384979248048,0.0012802183787788367,5,0.8,1.0,0.07,"{'max_depth': 5, 'max_features': 0.8, 'max_samples': 1.0, 'min_samples_split': 0.07}",0.495,0.6,0.545,0.53,0.495,0.533,0.0388072158238645,96
0.5414397239685058,0.014037829138257315,0.010503911972045898,0.001686046387079262,5,0.8,1.0,0.1,"{'max_depth': 5, 'max_features': 0.8, 'max_samples': 1.0, 'min_samples_split': 0.1}",0.485,0.53,0.55,0.515,0.51,0.518,0.021587033144922923,236
0.5500613212585449,0.03479235495251702,0.010490512847900391,0.0008973748163630667,5,0.9,0.7,0.01,"{'max_depth': 5, 'max_features': 0.9, 'max_samples': 0.7, 'min_samples_split': 0.01}",0.52,0.57,0.52,0.515,0.53,0.531,0.020099751242241757,109
0.5641172885894775,0.00924170203976211,0.01007671356201172,0.0011108933454083577,5,0.9,0.7,0.03,"{'max_depth': 5, 'max_features': 0.9, 'max_samples': 0.7, 'min_samples_split': 0.03}",0.53,0.53,0.545,0.515,0.495,0.523,0.016911534525287777,198
0.5402063369750977,0.017376220834293868,0.011177778244018555,0.001770818920070587,5,0.9,0.7,0.07,"{'max_depth': 5, 'max_features': 0.9, 'max_samples': 0.7, 'min_samples_split': 0.07}",0.475,0.55,0.535,0.515,0.505,0.516,0.025768197453450273,246
0.46983771324157714,0.021569074922201413,0.010251235961914063,0.0013249416566847208,5,0.9,0.7,0.1,"{'max_depth': 5, 'max_features': 0.9, 'max_samples': 0.7, 'min_samples_split': 0.1}",0.5,0.515,0.575,0.505,0.52,0.523,0.02694438717061494,198
0.519501781463623,0.03491064123119067,0.00953359603881836,0.0014914479628535615,5,0.9,0.8,0.01,"{'max_depth': 5, 'max_features': 0.9, 'max_samples': 0.8, 'min_samples_split': 0.01}",0.51,0.555,0.555,0.515,0.535,0.534,0.01907878402833893,80
0.6080076694488525,0.006437945663943326,0.01009526252746582,0.0016503856312297782,5,0.9,0.8,0.03,"{'max_depth': 5, 'max_features': 0.9, 'max_samples': 0.8, 'min_samples_split': 0.03}",0.515,0.575,0.56,0.515,0.54,0.541,0.023958297101421867,20
0.55734224319458,0.022331806760316947,0.010493230819702149,0.0005714475352247842,5,0.9,0.8,0.07,"{'max_depth': 5, 'max_features': 0.9, 'max_samples': 0.8, 'min_samples_split': 0.07}",0.52,0.545,0.54,0.51,0.51,0.525,0.01483239697419134,182
0.5114642143249511,0.00820226690240753,0.010215854644775391,0.0008963708205013701,5,0.9,0.8,0.1,"{'max_depth': 5, 'max_features': 0.9, 'max_samples': 0.8, 'min_samples_split': 0.1}",0.525,0.545,0.55,0.535,0.515,0.534,0.012806248474865708,80
0.6297807693481445,0.022705708953591107,0.011056852340698243,0.0014289945618301833,5,0.9,0.9,0.01,"{'max_depth': 5, 'max_features': 0.9, 'max_samples': 0.9, 'min_samples_split': 0.01}",0.495,0.575,0.56,0.51,0.54,0.5359999999999999,0.029899832775452103,64
0.5520007133483886,0.035070995065038996,0.009641647338867188,0.002200850336523371,5,0.9,0.9,0.03,"{'max_depth': 5, 'max_features': 0.9, 'max_samples': 0.9, 'min_samples_split': 0.03}",0.505,0.6,0.57,0.525,0.53,0.5459999999999999,0.03426368339802361,4
0.5366564750671386,0.032314417207696074,0.01085052490234375,0.000705001901682892,5,0.9,0.9,0.07,"{'max_depth': 5, 'max_features': 0.9, 'max_samples': 0.9, 'min_samples_split': 0.07}",0.52,0.535,0.555,0.53,0.525,0.5330000000000001,0.012083045973594582,93
0.5443860054016113,0.023743493290559123,0.009816169738769531,0.0007729301325696024,5,0.9,0.9,0.1,"{'max_depth': 5, 'max_features': 0.9, 'max_samples': 0.9, 'min_samples_split': 0.1}",0.525,0.545,0.545,0.54,0.525,0.536,0.009165151389911688,54
0.6882096767425537,0.0180384177086139,0.010993146896362304,0.0012116619714413988,5,0.9,1.0,0.01,"{'max_depth': 5, 'max_features': 0.9, 'max_samples': 1.0, 'min_samples_split': 0.01}",0.495,0.52,0.55,0.54,0.515,0.5240000000000001,0.019339079605813735,188
0.6532465934753418,0.021556780295020703,0.011095952987670899,0.001163667908367781,5,0.9,1.0,0.03,"{'max_depth': 5, 'max_features': 0.9, 'max_samples': 1.0, 'min_samples_split': 0.03}",0.485,0.57,0.56,0.505,0.515,0.527,0.03264965543462901,163
0.5313923835754395,0.04041657828270551,0.00825800895690918,0.0010324607003875668,5,0.9,1.0,0.07,"{'max_depth': 5, 'max_features': 0.9, 'max_samples': 1.0, 'min_samples_split': 0.07}",0.515,0.53,0.535,0.525,0.485,0.518,0.017776388834631195,236
0.560367488861084,0.05936847024847216,0.010851335525512696,0.002294735697056163,5,0.9,1.0,0.1,"{'max_depth': 5, 'max_features': 0.9, 'max_samples': 1.0, 'min_samples_split': 0.1}",0.505,0.525,0.54,0.51,0.505,0.517,0.01363818169698587,240
0.6179944992065429,0.025534491609151225,0.011330270767211914,0.0006639204735958083,5,1.0,0.7,0.01,"{'max_depth': 5, 'max_features': 1.0, 'max_samples': 0.7, 'min_samples_split': 0.01}",0.505,0.525,0.59,0.515,0.54,0.535,0.02983286778035258,65
0.5663669109344482,0.007711562559245784,0.009644222259521485,0.0011076944468596,5,1.0,0.7,0.03,"{'max_depth': 5, 'max_features': 1.0, 'max_samples': 0.7, 'min_samples_split': 0.03}",0.535,0.53,0.57,0.555,0.535,0.545,0.01516575088810308,5
0.5471118927001953,0.017388871758100024,0.010527849197387695,0.0017146124365830864,5,1.0,0.7,0.07,"{'max_depth': 5, 'max_features': 1.0, 'max_samples': 0.7, 'min_samples_split': 0.07}",0.53,0.53,0.55,0.52,0.52,0.53,0.010954451150103331,118
0.5629634380340576,0.011710839899563365,0.01152944564819336,0.0008336004546745787,5,1.0,0.7,0.1,"{'max_depth': 5, 'max_features': 1.0, 'max_samples': 0.7, 'min_samples_split': 0.1}",0.505,0.545,0.54,0.51,0.475,0.515,0.025495097567963945,250
0.5706251621246338,0.013359588021919885,0.009522104263305664,0.0009592080926929834,5,1.0,0.8,0.01,"{'max_depth': 5, 'max_features': 1.0, 'max_samples': 0.8, 'min_samples_split': 0.01}",0.49,0.55,0.535,0.505,0.505,0.517,0.02204540768504862,240
0.5972951889038086,0.016680347774696177,0.01086597442626953,0.0010212543592529495,5,1.0,0.8,0.03,"{'max_depth': 5, 'max_features': 1.0, 'max_samples': 0.8, 'min_samples_split': 0.03}",0.515,0.58,0.55,0.53,0.53,0.541,0.02244994432064363,20
0.6077615261077881,0.02006132835228473,0.01088409423828125,0.0006975639590846899,5,1.0,0.8,0.07,"{'max_depth': 5, 'max_features': 1.0, 'max_samples': 0.8, 'min_samples_split': 0.07}",0.545,0.55,0.565,0.52,0.535,0.543,0.015033296378372888,10
0.5943649291992188,0.014795354831462621,0.010726261138916015,0.0011210215175618745,5,1.0,0.8,0.1,"{'max_depth': 5, 'max_features': 1.0, 'max_samples': 0.8, 'min_samples_split': 0.1}",0.5,0.545,0.545,0.52,0.52,0.526,0.017146428199482262,172
0.6484570503234863,0.010579938970134014,0.009444570541381836,0.001131283064586574,5,1.0,0.9,0.01,"{'max_depth': 5, 'max_features': 1.0, 'max_samples': 0.9, 'min_samples_split': 0.01}",0.545,0.565,0.56,0.52,0.535,0.545,0.01643167672515497,5
0.5959757804870606,0.028880497408182892,0.01072087287902832,0.0016778346830255409,5,1.0,0.9,0.03,"{'max_depth': 5, 'max_features': 1.0, 'max_samples': 0.9, 'min_samples_split': 0.03}",0.51,0.56,0.545,0.52,0.505,0.528,0.021118712081942895,147
0.6333393573760986,0.028587465161909662,0.01107177734375,0.0009693376004705648,5,1.0,0.9,0.07,"{'max_depth': 5, 'max_features': 1.0, 'max_samples': 0.9, 'min_samples_split': 0.07}",0.53,0.56,0.55,0.525,0.505,0.534,0.019339079605813735,80
0.5839883804321289,0.011634844398289587,0.009523916244506835,0.0012141370330511173,5,1.0,0.9,0.1,"{'max_depth': 5, 'max_features': 1.0, 'max_samples': 0.9, 'min_samples_split': 0.1}",0.51,0.54,0.535,0.54,0.485,0.522,0.021587033144922923,207
0.6970696449279785,0.013065966813770768,0.01101679801940918,0.0012198723670700348,5,1.0,1.0,0.01,"{'max_depth': 5, 'max_features': 1.0, 'max_samples': 1.0, 'min_samples_split': 0.01}",0.49,0.59,0.545,0.515,0.53,0.534,0.03337663853655727,80
0.7184549331665039,0.011064880940616022,0.01082606315612793,0.0024422233181010423,5,1.0,1.0,0.03,"{'max_depth': 5, 'max_features': 1.0, 'max_samples': 1.0, 'min_samples_split': 0.03}",0.495,0.54,0.555,0.52,0.51,0.524,0.021307275752662537,189
0.5707388877868652,0.020155640286069833,0.008699607849121094,0.0006395929941041139,5,1.0,1.0,0.07,"{'max_depth': 5, 'max_features': 1.0, 'max_samples': 1.0, 'min_samples_split': 0.07}",0.495,0.565,0.545,0.505,0.52,0.526,0.02576819745345024,172
0.6059899806976319,0.04584417551248957,0.009926509857177735,0.0014967211660766777,5,1.0,1.0,0.1,"{'max_depth': 5, 'max_features': 1.0, 'max_samples': 1.0, 'min_samples_split': 0.1}",0.53,0.53,0.535,0.54,0.505,0.528,0.012083045973594582,147
0.5920532703399658,0.015411549166505622,0.012075424194335938,0.0020481798163886848,7,0.7,0.7,0.01,"{'max_depth': 7, 'max_features': 0.7, 'max_samples': 0.7, 'min_samples_split': 0.01}",0.515,0.575,0.54,0.555,0.55,0.547,0.019646882704388486,3
0.5403646469116211,0.028588301392382182,0.010401439666748048,0.0013130966860391536,7,0.7,0.7,0.03,"{'max_depth': 7, 'max_features': 0.7, 'max_samples': 0.7, 'min_samples_split': 0.03}",0.505,0.54,0.54,0.52,0.555,0.532,0.017492855684535916,102
0.49263992309570315,0.014929268389432773,0.010042905807495117,0.0009793437992176009,7,0.7,0.7,0.07,"{'max_depth': 7, 'max_features': 0.7, 'max_samples': 0.7, 'min_samples_split': 0.07}",0.515,0.56,0.535,0.555,0.52,0.5370000000000001,0.018055470085267804,42
0.4826286792755127,0.020007075684202683,0.011816453933715821,0.0011909954779931783,7,0.7,0.7,0.1,"{'max_depth': 7, 'max_features': 0.7, 'max_samples': 0.7, 'min_samples_split': 0.1}",0.545,0.54,0.53,0.525,0.545,0.537,0.008124038404635969,49
0.5249346733093262,0.013719142761902836,0.010389947891235351,0.002143219853556103,7,0.7,0.8,0.01,"{'max_depth': 7, 'max_features': 0.7, 'max_samples': 0.8, 'min_samples_split': 0.01}",0.485,0.55,0.545,0.5,0.52,0.52,0.025099800796022285,226
0.5918560028076172,0.03349459611296055,0.0099365234375,0.0007962763569816575,7,0.7,0.8,0.03,"{'max_depth': 7, 'max_features': 0.7, 'max_samples': 0.8, 'min_samples_split': 0.03}",0.51,0.57,0.535,0.535,0.535,0.5370000000000001,0.01913112646970897,42
0.528689956665039,0.01142864005862735,0.01059112548828125,0.0004407231401604041,7,0.7,0.8,0.07,"{'max_depth': 7, 'max_features': 0.7, 'max_samples': 0.8, 'min_samples_split': 0.07}",0.525,0.555,0.565,0.505,0.5,0.53,0.026076809620810586,118
0.5240523815155029,0.018676224575234653,0.010013723373413086,0.001315539774768682,7,0.7,0.8,0.1,"{'max_depth': 7, 'max_features': 0.7, 'max_samples': 0.8, 'min_samples_split': 0.1}",0.535,0.58,0.515,0.545,0.51,0.5369999999999999,0.025019992006393592,51
0.6537616729736329,0.0136479967306879,0.011949777603149414,0.0008847524262638135,7,0.7,0.9,0.01,"{'max_depth': 7, 'max_features': 0.7, 'max_samples': 0.9, 'min_samples_split': 0.01}",0.49,0.56,0.525,0.54,0.535,0.53,0.023021728866442694,118
0.553363561630249,0.031007771588210317,0.009754133224487305,0.0010250222185230228,7,0.7,0.9,0.03,"{'max_depth': 7, 'max_features': 0.7, 'max_samples': 0.9, 'min_samples_split': 0.03}",0.515,0.55,0.565,0.505,0.555,0.538,0.023579652245103187,37
0.5230186462402344,0.05003997868271639,0.010515260696411132,0.0011942040765315514,7,0.7,0.9,0.07,"{'max_depth': 7, 'max_features': 0.7, 'max_samples': 0.9, 'min_samples_split': 0.07}",0.49,0.52,0.565,0.53,0.51,0.523,0.024819347291981694,198
0.5737027168273926,0.011093314699421061,0.011233329772949219,0.0008571347206462294,7,0.7,0.9,0.1,"{'max_depth': 7, 'max_features': 0.7, 'max_samples': 0.9, 'min_samples_split': 0.1}",0.475,0.525,0.53,0.525,0.525,0.516,0.02059126028197402,246
0.661510419845581,0.06352354210386899,0.010820388793945312,0.0016689398969632473,7,0.7,1.0,0.01,"{'max_depth': 7, 'max_features': 0.7, 'max_samples': 1.0, 'min_samples_split': 0.01}",0.52,0.555,0.545,0.545,0.56,0.545,0.013784048752090234,5
0.5879666328430175,0.027994803609639792,0.010042190551757812,0.001653285714460424,7,0.7,1.0,0.03,"{'max_depth': 7, 'max_features': 0.7, 'max_samples': 1.0, 'min_samples_split': 0.03}",0.525,0.54,0.555,0.53,0.505,0.531,0.016552945357246864,109
0.6098367691040039,0.057941536768106434,0.00910181999206543,0.0012075568784867287,7,0.7,1.0,0.07,"{'max_depth': 7, 'max_features': 0.7, 'max_samples': 1.0, 'min_samples_split': 0.07}",0.51,0.545,0.55,0.57,0.53,0.541,0.020099751242241767,20
0.4991788864135742,0.02891923936992103,0.009839010238647462,0.0013699618225407717,7,0.7,1.0,0.1,"{'max_depth': 7, 'max_features': 0.7, 'max_samples': 1.0, 'min_samples_split': 0.1}",0.52,0.545,0.54,0.535,0.535,0.535,0.008366600265340763,65
0.5917030334472656,0.02538127440638158,0.009810924530029297,0.0008247246518480876,7,0.8,0.7,0.01,"{'max_depth': 7, 'max_features': 0.8, 'max_samples': 0.7, 'min_samples_split': 0.01}",0.465,0.545,0.58,0.565,0.535,0.538,0.039698866482558395,37
0.5852533340454101,0.04904288448013168,0.010204076766967773,0.0014111587692848741,7,0.8,0.7,0.03,"{'max_depth': 7, 'max_features': 0.8, 'max_samples': 0.7, 'min_samples_split': 0.03}",0.54,0.535,0.515,0.51,0.505,0.5210000000000001,0.013928388277184131,214
0.5693706512451172,0.01597904511917734,0.010520648956298829,0.0016723672920504389,7,0.8,0.7,0.07,"{'max_depth': 7, 'max_features': 0.8, 'max_samples': 0.7, 'min_samples_split': 0.07}",0.525,0.575,0.535,0.565,0.515,0.543,0.02315167380558042,10
0.5136104583740234,0.012464210101718465,0.011174774169921875,0.0003634452569581671,7,0.8,0.7,0.1,"{'max_depth': 7, 'max_features': 0.8, 'max_samples': 0.7, 'min_samples_split': 0.1}",0.525,0.53,0.53,0.545,0.55,0.5360000000000001,0.009695359714832668,53
0.5911992073059082,0.03068120134948825,0.00863056182861328,0.0013616137228110836,7,0.8,0.8,0.01,"{'max_depth': 7, 'max_features': 0.8, 'max_samples': 0.8, 'min_samples_split': 0.01}",0.515,0.555,0.52,0.535,0.55,0.5349999999999999,0.015811388300841913,75
0.6150720596313477,0.03656705762903384,0.0113983154296875,0.0018265877442570143,7,0.8,0.8,0.03,"{'max_depth': 7, 'max_features': 0.8, 'max_samples': 0.8, 'min_samples_split': 0.03}",0.485,0.555,0.53,0.545,0.53,0.5290000000000001,0.0239582971014219,134
0.6019068717956543,0.029673643129577976,0.011676549911499023,0.0018897960539187605,7,0.8,0.8,0.07,"{'max_depth': 7, 'max_features': 0.8, 'max_samples': 0.8, 'min_samples_split': 0.07}",0.52,0.52,0.55,0.545,0.52,0.531,0.013564659966250548,109
0.5362261772155762,0.01154625743284423,0.010484075546264649,0.0008624185598148118,7,0.8,0.8,0.1,"{'max_depth': 7, 'max_features': 0.8, 'max_samples': 0.8, 'min_samples_split': 0.1}",0.51,0.555,0.53,0.545,0.5,0.528,0.02063976744055031,147
0.7007933616638183,0.019004301161925603,0.011327123641967774,0.0019311774959833437,7,0.8,0.9,0.01,"{'max_depth': 7, 'max_features': 0.8, 'max_samples': 0.9, 'min_samples_split': 0.01}",0.495,0.54,0.525,0.525,0.555,0.528,0.019899748742132416,147
0.6590613842010498,0.07323293344537132,0.01140580177307129,0.0014514307815479016,7,0.8,0.9,0.03,"{'max_depth': 7, 'max_features': 0.8, 'max_samples': 0.9, 'min_samples_split': 0.03}",0.505,0.52,0.56,0.505,0.56,0.53,0.025099800796022285,118
0.5542613983154296,0.03506231968802039,0.008333206176757812,0.0008303815519602921,7,0.8,0.9,0.07,"{'max_depth': 7, 'max_features': 0.8, 'max_samples': 0.9, 'min_samples_split': 0.07}",0.515,0.575,0.535,0.56,0.51,0.539,0.025179356624028332,31
0.5874027252197266,0.022170940009911703,0.010561513900756835,0.0011599218724266866,7,0.8,0.9,0.1,"{'max_depth': 7, 'max_features': 0.8, 'max_samples': 0.9, 'min_samples_split': 0.1}",0.51,0.525,0.53,0.52,0.515,0.52,0.007071067811865481,226
0.770728588104248,0.015200722330862624,0.011846780776977539,0.0006129460586133178,7,0.8,1.0,0.01,"{'max_depth': 7, 'max_features': 0.8, 'max_samples': 1.0, 'min_samples_split': 0.01}",0.49,0.58,0.53,0.555,0.53,0.5369999999999999,0.029933259094191526,51
0.7081245422363281,0.018553948388051432,0.010897254943847657,0.0005582816616271396,7,0.8,1.0,0.03,"{'max_depth': 7, 'max_features': 0.8, 'max_samples': 1.0, 'min_samples_split': 0.03}",0.495,0.54,0.55,0.555,0.54,0.536,0.021307275752662537,54
0.5941023826599121,0.031618795883760854,0.01008763313293457,0.0019072097644320842,7,0.8,1.0,0.07,"{'max_depth': 7, 'max_features': 0.8, 'max_samples': 1.0, 'min_samples_split': 0.07}",0.515,0.555,0.54,0.545,0.545,0.54,0.01341640786499875,26
0.605608320236206,0.05069469400165676,0.00953083038330078,0.0018825383738934071,7,0.8,1.0,0.1,"{'max_depth': 7, 'max_features': 0.8, 'max_samples': 1.0, 'min_samples_split': 0.1}",0.525,0.545,0.525,0.54,0.545,0.536,0.009165151389911688,54
0.6514838218688965,0.03126420579499221,0.01084446907043457,0.0008476043984117261,7,0.9,0.7,0.01,"{'max_depth': 7, 'max_features': 0.9, 'max_samples': 0.7, 'min_samples_split': 0.01}",0.48,0.56,0.545,0.535,0.525,0.529,0.02709243436828816,140
0.6303526878356933,0.013675265740728934,0.011819267272949218,0.0008754970795519547,7,0.9,0.7,0.03,"{'max_depth': 7, 'max_features': 0.9, 'max_samples': 0.7, 'min_samples_split': 0.03}",0.475,0.555,0.535,0.535,0.525,0.525,0.0268328157299975,182
0.6051289081573487,0.022469515613270243,0.011999273300170898,0.0005938682543471726,7,0.9,0.7,0.07,"{'max_depth': 7, 'max_features': 0.9, 'max_samples': 0.7, 'min_samples_split': 0.07}",0.515,0.54,0.525,0.54,0.525,0.529,0.009695359714832666,140
0.5371954441070557,0.045528524196254055,0.012217855453491211,0.0013587033630600661,7,0.9,0.7,0.1,"{'max_depth': 7, 'max_features': 0.9, 'max_samples': 0.7, 'min_samples_split': 0.1}",0.525,0.52,0.565,0.545,0.515,0.534,0.018547236990991388,80
0.6364713191986084,0.03236722284514009,0.010560750961303711,0.0017019843545918198,7,0.9,0.8,0.01,"{'max_depth': 7, 'max_features': 0.9, 'max_samples': 0.8, 'min_samples_split': 0.01}",0.51,0.56,0.56,0.55,0.495,0.535,0.02720294101747091,65
0.7019295692443848,0.022059836725662384,0.01010427474975586,0.0017265933124839766,7,0.9,0.8,0.03,"{'max_depth': 7, 'max_features': 0.9, 'max_samples': 0.8, 'min_samples_split': 0.03}",0.49,0.54,0.53,0.54,0.51,0.522,0.019390719429665332,207
0.6273621559143067,0.016744556551830624,0.01140131950378418,0.0012002793419016527,7,0.9,0.8,0.07,"{'max_depth': 7, 'max_features': 0.9, 'max_samples': 0.8, 'min_samples_split': 0.07}",0.52,0.545,0.52,0.55,0.515,0.53,0.014491376746189452,118
0.6003563880920411,0.04476396263538389,0.010622119903564453,0.0012262235423084948,7,0.9,0.8,0.1,"{'max_depth': 7, 'max_features': 0.9, 'max_samples': 0.8, 'min_samples_split': 0.1}",0.535,0.545,0.535,0.53,0.52,0.5330000000000001,0.008124038404635967,93
0.7261774063110351,0.0661919759672779,0.011330986022949218,0.0026148243058327033,7,0.9,0.9,0.01,"{'max_depth': 7, 'max_features': 0.9, 'max_samples': 0.9, 'min_samples_split': 0.01}",0.51,0.51,0.53,0.5,0.535,0.517,0.01326649916142161,240
0.7480247497558594,0.04116587563469493,0.01040182113647461,0.0014581716364659375,7,0.9,0.9,0.03,"{'max_depth': 7, 'max_features': 0.9, 'max_samples': 0.9, 'min_samples_split': 0.03}",0.525,0.54,0.555,0.545,0.55,0.5429999999999999,0.01029563014098701,12
0.7130580425262452,0.015782278943026584,0.01070852279663086,0.0013713374116813809,7,0.9,0.9,0.07,"{'max_depth': 7, 'max_features': 0.9, 'max_samples': 0.9, 'min_samples_split': 0.07}",0.515,0.55,0.56,0.51,0.535,0.534,0.019339079605813735,80
0.5850342750549317,0.020621092842634043,0.011022090911865234,0.0029753897845692548,7,0.9,0.9,0.1,"{'max_depth': 7, 'max_features': 0.9, 'max_samples': 0.9, 'min_samples_split': 0.1}",0.5,0.53,0.555,0.54,0.495,0.524,0.023108440016582705,189
0.7435645580291748,0.018153686475582242,0.010490846633911134,0.0009023972500858034,7,0.9,1.0,0.01,"{'max_depth': 7, 'max_features': 0.9, 'max_samples': 1.0, 'min_samples_split': 0.01}",0.515,0.545,0.55,0.505,0.535,0.53,0.01732050807568879,118
0.6437476634979248,0.026386052494885376,0.008711528778076173,0.0008801726735981711,7,0.9,1.0,0.03,"{'max_depth': 7, 'max_features': 0.9, 'max_samples': 1.0, 'min_samples_split': 0.03}",0.525,0.59,0.54,0.56,0.54,0.5509999999999999,0.02244994432064363,2
0.6169987201690674,0.023251091206092853,0.009124851226806641,0.0007921419254811564,7,0.9,1.0,0.07,"{'max_depth': 7, 'max_features': 0.9, 'max_samples': 1.0, 'min_samples_split': 0.07}",0.52,0.55,0.545,0.54,0.555,0.542,0.012083045973594582,13
0.6232220649719238,0.025156784927911686,0.009804201126098634,0.0010766628608411492,7,0.9,1.0,0.1,"{'max_depth': 7, 'max_features': 0.9, 'max_samples': 1.0, 'min_samples_split': 0.1}",0.52,0.535,0.545,0.545,0.51,0.531,0.013928388277184131,109
0.6684219360351562,0.05380447399040739,0.011478805541992187,0.0011589296419475857,7,1.0,0.7,0.01,"{'max_depth': 7, 'max_features': 1.0, 'max_samples': 0.7, 'min_samples_split': 0.01}",0.5,0.495,0.55,0.535,0.595,0.5349999999999999,0.036469165057620934,75
0.6986356735229492,0.04601819189233537,0.011095762252807617,0.0008377269613853571,7,1.0,0.7,0.03,"{'max_depth': 7, 'max_features': 1.0, 'max_samples': 0.7, 'min_samples_split': 0.03}",0.53,0.555,0.52,0.525,0.505,0.5269999999999999,0.016309506430300106,167
0.5994143962860108,0.023239633951937122,0.010693168640136719,0.0016593949178161731,7,1.0,0.7,0.07,"{'max_depth': 7, 'max_features': 1.0, 'max_samples': 0.7, 'min_samples_split': 0.07}",0.53,0.52,0.53,0.52,0.525,0.525,0.004472135954999583,182
0.6279062747955322,0.008281284174668587,0.01037602424621582,0.0014840858849055093,7,1.0,0.7,0.1,"{'max_depth': 7, 'max_features': 1.0, 'max_samples': 0.7, 'min_samples_split': 0.1}",0.52,0.555,0.535,0.54,0.515,0.5330000000000001,0.014352700094407337,93
0.778489351272583,0.04045224247497896,0.01112065315246582,0.0013502517207507597,7,1.0,0.8,0.01,"{'max_depth': 7, 'max_features': 1.0, 'max_samples': 0.8, 'min_samples_split': 0.01}",0.485,0.515,0.53,0.53,0.5,0.512,0.017492855684535916,253
0.704931640625,0.05398050668441189,0.01159062385559082,0.001651766645713383,7,1.0,0.8,0.03,"{'max_depth': 7, 'max_features': 1.0, 'max_samples': 0.8, 'min_samples_split': 0.03}",0.5,0.535,0.57,0.57,0.525,0.5399999999999999,0.02701851217221257,30
0.6702724933624268,0.023354973876829076,0.01202983856201172,0.001957019455485315,7,1.0,0.8,0.07,"{'max_depth': 7, 'max_features': 1.0, 'max_samples': 0.8, 'min_samples_split': 0.07}",0.54,0.575,0.525,0.52,0.545,0.541,0.019339079605813696,20
0.6559876441955567,0.07567234343669052,0.010244464874267578,0.0007644438603758871,7,1.0,0.8,0.1,"{'max_depth': 7, 'max_features': 1.0, 'max_samples': 0.8, 'min_samples_split': 0.1}",0.525,0.535,0.525,0.555,0.5,0.528,0.017776388834631195,147
0.8104536533355713,0.05568603081582197,0.01027073860168457,0.001262958269573754,7,1.0,0.9,0.01,"{'max_depth': 7, 'max_features': 1.0, 'max_samples': 0.9, 'min_samples_split': 0.01}",0.515,0.545,0.54,0.52,0.525,0.529,0.011575836902790236,140
0.771242332458496,0.04406167662110912,0.010357522964477539,0.0013822756487224153,7,1.0,0.9,0.03,"{'max_depth': 7, 'max_features': 1.0, 'max_samples': 0.9, 'min_samples_split': 0.03}",0.5,0.555,0.565,0.52,0.52,0.532,0.024207436873820397,102
0.6474899291992188,0.01800097018151029,0.009665775299072265,0.001481560755023423,7,1.0,0.9,0.07,"{'max_depth': 7, 'max_features': 1.0, 'max_samples': 0.9, 'min_samples_split': 0.07}",0.54,0.535,0.52,0.525,0.52,0.528,0.008124038404635967,147
0.5970802783966065,0.009131524871618531,0.009520721435546876,0.0013612026522501054,7,1.0,0.9,0.1,"{'max_depth': 7, 'max_features': 1.0, 'max_samples': 0.9, 'min_samples_split': 0.1}",0.53,0.545,0.56,0.505,0.53,0.534,0.018275666882497082,80
0.8069348812103272,0.019202878352070463,0.00925760269165039,0.0009028392670564459,7,1.0,1.0,0.01,"{'max_depth': 7, 'max_features': 1.0, 'max_samples': 1.0, 'min_samples_split': 0.01}",0.515,0.54,0.55,0.53,0.545,0.536,0.012409673645990868,54
0.763774299621582,0.02205440941764689,0.011673355102539062,0.0027255993009524635,7,1.0,1.0,0.03,"{'max_depth': 7, 'max_features': 1.0, 'max_samples': 1.0, 'min_samples_split': 0.03}",0.525,0.535,0.54,0.53,0.535,0.533,0.00509901951359279,96
0.7121717929840088,0.04440808515202941,0.009356355667114258,0.0009235930741646454,7,1.0,1.0,0.07,"{'max_depth': 7, 'max_features': 1.0, 'max_samples': 1.0, 'min_samples_split': 0.07}",0.52,0.57,0.56,0.54,0.505,0.5389999999999999,0.024166091947189137,35
0.6844669818878174,0.07199134870090589,0.01094503402709961,0.001816384107270255,7,1.0,1.0,0.1,"{'max_depth': 7, 'max_features': 1.0, 'max_samples': 1.0, 'min_samples_split': 0.1}",0.52,0.535,0.55,0.54,0.505,0.53,0.01581138830084191,118
0.6252340793609619,0.04838033327427274,0.01107802391052246,0.002153898787502437,10,0.7,0.7,0.01,"{'max_depth': 10, 'max_features': 0.7, 'max_samples': 0.7, 'min_samples_split': 0.01}",0.505,0.56,0.555,0.53,0.525,0.535,0.020248456731316606,65
0.5165483474731445,0.025443056584861876,0.008985424041748047,0.0010547099069519584,10,0.7,0.7,0.03,"{'max_depth': 10, 'max_features': 0.7, 'max_samples': 0.7, 'min_samples_split': 0.03}",0.525,0.54,0.535,0.525,0.535,0.532,0.006000000000000005,102
0.4927773952484131,0.023113320787890745,0.009077501296997071,0.001497888159008795,10,0.7,0.7,0.07,"{'max_depth': 10, 'max_features': 0.7, 'max_samples': 0.7, 'min_samples_split': 0.07}",0.52,0.54,0.505,0.565,0.52,0.53,0.0207364413533277,118
0.4861234188079834,0.016603547709439677,0.010674715042114258,0.0015313656924359335,10,0.7,0.7,0.1,"{'max_depth': 10, 'max_features': 0.7, 'max_samples': 0.7, 'min_samples_split': 0.1}",0.525,0.54,0.505,0.515,0.53,0.523,0.012083045973594582,198
0.692633867263794,0.046308845765297216,0.011617374420166016,0.0010374068534424626,10,0.7,0.8,0.01,"{'max_depth': 10, 'max_features': 0.7, 'max_samples': 0.8, 'min_samples_split': 0.01}",0.5,0.525,0.52,0.59,0.535,0.534,0.030232432915661935,80
0.6285525321960449,0.043874860914221936,0.009968090057373046,0.0012314687494430975,10,0.7,0.8,0.03,"{'max_depth': 10, 'max_features': 0.7, 'max_samples': 0.8, 'min_samples_split': 0.03}",0.49,0.555,0.545,0.51,0.56,0.5319999999999999,0.02731300056749535,107
0.604324197769165,0.03440962266690828,0.01166529655456543,0.0007877840155012803,10,0.7,0.8,0.07,"{'max_depth': 10, 'max_features': 0.7, 'max_samples': 0.8, 'min_samples_split': 0.07}",0.5,0.575,0.53,0.545,0.49,0.5279999999999999,0.03075711299845939,159
0.6228445053100586,0.03816590551300868,0.010631942749023437,0.002755173082858385,10,0.7,0.8,0.1,"{'max_depth': 10, 'max_features': 0.7, 'max_samples': 0.8, 'min_samples_split': 0.1}",0.525,0.515,0.54,0.54,0.545,0.533,0.011224972160321834,96
0.757575273513794,0.037050326546715355,0.01310577392578125,0.001998995763246038,10,0.7,0.9,0.01,"{'max_depth': 10, 'max_features': 0.7, 'max_samples': 0.9, 'min_samples_split': 0.01}",0.51,0.525,0.545,0.545,0.55,0.5349999999999999,0.015165750888103116,75
0.6651703834533691,0.049570658361810384,0.012975406646728516,0.0029315338139270387,10,0.7,0.9,0.03,"{'max_depth': 10, 'max_features': 0.7, 'max_samples': 0.9, 'min_samples_split': 0.03}",0.525,0.555,0.52,0.535,0.54,0.535,0.012247448713915901,65
0.6168175220489502,0.07177445546662242,0.013143587112426757,0.00242630192857969,10,0.7,0.9,0.07,"{'max_depth': 10, 'max_features': 0.7, 'max_samples': 0.9, 'min_samples_split': 0.07}",0.5,0.535,0.515,0.535,0.515,0.5200000000000001,0.013416407864998751,224
0.6092455387115479,0.021735619608907224,0.011748361587524413,0.0011345832259850703,10,0.7,0.9,0.1,"{'max_depth': 10, 'max_features': 0.7, 'max_samples': 0.9, 'min_samples_split': 0.1}",0.52,0.545,0.54,0.51,0.53,0.5290000000000001,0.012806248474865708,134
0.8348435878753662,0.030667142312138296,0.012331962585449219,0.0006063020749570442,10,0.7,1.0,0.01,"{'max_depth': 10, 'max_features': 0.7, 'max_samples': 1.0, 'min_samples_split': 0.01}",0.465,0.535,0.56,0.515,0.51,0.517,0.03140063693621517,240
0.7985817909240722,0.018867893329225446,0.01207122802734375,0.0016392780103285,10,0.7,1.0,0.03,"{'max_depth': 10, 'max_features': 0.7, 'max_samples': 1.0, 'min_samples_split': 0.03}",0.495,0.55,0.57,0.535,0.525,0.5349999999999999,0.025099800796022257,75
0.6295907020568847,0.030220450185045242,0.01263737678527832,0.0032805185378807396,10,0.7,1.0,0.07,"{'max_depth': 10, 'max_features': 0.7, 'max_samples': 1.0, 'min_samples_split': 0.07}",0.515,0.555,0.535,0.555,0.515,0.535,0.017888543819998333,65
0.752305555343628,0.05277799876620745,0.013432598114013672,0.00220250340914915,10,0.7,1.0,0.1,"{'max_depth': 10, 'max_features': 0.7, 'max_samples': 1.0, 'min_samples_split': 0.1}",0.5,0.51,0.53,0.56,0.505,0.521,0.02200000000000002,216
0.8756653308868408,0.0875256065733939,0.01803736686706543,0.0043286490926978055,10,0.8,0.7,0.01,"{'max_depth': 10, 'max_features': 0.8, 'max_samples': 0.7, 'min_samples_split': 0.01}",0.495,0.515,0.52,0.55,0.515,0.519,0.017720045146669368,232
0.8848226547241211,0.061401877585958255,0.01654815673828125,0.0052849622635337875,10,0.8,0.7,0.03,"{'max_depth': 10, 'max_features': 0.8, 'max_samples': 0.7, 'min_samples_split': 0.03}",0.515,0.53,0.535,0.56,0.53,0.534,0.014628738838327807,80
0.577594804763794,0.025535546896019716,0.011981439590454102,0.0018343220395508643,10,0.8,0.7,0.07,"{'max_depth': 10, 'max_features': 0.8, 'max_samples': 0.7, 'min_samples_split': 0.07}",0.495,0.52,0.52,0.56,0.515,0.522,0.021118712081942895,207
0.5716261386871337,0.03588252576500523,0.010487127304077148,0.0018827584651293222,10,0.8,0.7,0.1,"{'max_depth': 10, 'max_features': 0.8, 'max_samples': 0.7, 'min_samples_split': 0.1}",0.52,0.56,0.525,0.55,0.49,0.5290000000000001,0.024576411454889036,134
0.7696374416351318,0.03173508605511126,0.010862064361572266,0.001593990545200577,10,0.8,0.8,0.01,"{'max_depth': 10, 'max_features': 0.8, 'max_samples': 0.8, 'min_samples_split': 0.01}",0.475,0.545,0.54,0.525,0.515,0.52,0.024899799195977484,226
0.7998490333557129,0.05609527463290219,0.012137126922607423,0.001249351249731605,10,0.8,0.8,0.03,"{'max_depth': 10, 'max_features': 0.8, 'max_samples': 0.8, 'min_samples_split': 0.03}",0.53,0.545,0.52,0.55,0.51,0.531,0.014966629547095779,109
0.6718509197235107,0.10303028307742845,0.011955022811889648,0.00227289875779231,10,0.8,0.8,0.07,"{'max_depth': 10, 'max_features': 0.8, 'max_samples': 0.8, 'min_samples_split': 0.07}",0.5,0.55,0.535,0.52,0.52,0.525,0.016733200530681527,182
0.5340098381042481,0.04629093581774699,0.010006999969482422,0.001133384215651499,10,0.8,0.8,0.1,"{'max_depth': 10, 'max_features': 0.8, 'max_samples': 0.8, 'min_samples_split': 0.1}",0.52,0.54,0.535,0.525,0.51,0.526,0.01067707825203132,172
0.798455810546875,0.03160454267122757,0.009971189498901366,0.0013845921424883824,10,0.8,0.9,0.01,"{'max_depth': 10, 'max_features': 0.8, 'max_samples': 0.9, 'min_samples_split': 0.01}",0.475,0.545,0.5,0.535,0.53,0.517,0.025806975801127903,240
0.7189559936523438,0.013802401947097908,0.009817075729370118,0.0014190493603043874,10,0.8,0.9,0.03,"{'max_depth': 10, 'max_features': 0.8, 'max_samples': 0.9, 'min_samples_split': 0.03}",0.525,0.515,0.565,0.565,0.55,0.5439999999999999,0.020591260281973972,9
0.6472215175628662,0.027625094215988237,0.010672807693481445,0.0018722766828237957,10,0.8,0.9,0.07,"{'max_depth': 10, 'max_features': 0.8, 'max_samples': 0.9, 'min_samples_split': 0.07}",0.55,0.535,0.515,0.505,0.5,0.521,0.018814887722226798,216
0.5515629291534424,0.030705123478280784,0.008234024047851562,0.0007921718972693829,10,0.8,0.9,0.1,"{'max_depth': 10, 'max_features': 0.8, 'max_samples': 0.9, 'min_samples_split': 0.1}",0.52,0.54,0.55,0.53,0.52,0.532,0.011661903789690611,102
0.7732414245605469,0.05013969731804549,0.010237693786621094,0.001203450949505982,10,0.8,1.0,0.01,"{'max_depth': 10, 'max_features': 0.8, 'max_samples': 1.0, 'min_samples_split': 0.01}",0.52,0.555,0.52,0.545,0.555,0.539,0.015937377450509244,31
0.7389666080474854,0.03148411110590403,0.009388017654418945,0.0009379821717811633,10,0.8,1.0,0.03,"{'max_depth': 10, 'max_features': 0.8, 'max_samples': 1.0, 'min_samples_split': 0.03}",0.515,0.545,0.55,0.525,0.495,0.526,0.0200997512422418,172
0.6686030387878418,0.02534411723478137,0.008425331115722657,0.000159258942335769,10,0.8,1.0,0.07,"{'max_depth': 10, 'max_features': 0.8, 'max_samples': 1.0, 'min_samples_split': 0.07}",0.555,0.54,0.515,0.545,0.54,0.539,0.01319090595827293,31
0.6237912654876709,0.02527655184181324,0.00897073745727539,0.000893040675252382,10,0.8,1.0,0.1,"{'max_depth': 10, 'max_features': 0.8, 'max_samples': 1.0, 'min_samples_split': 0.1}",0.515,0.545,0.535,0.54,0.5,0.527,0.016911534525287777,163
0.6453222751617431,0.019667324697302823,0.009497404098510742,0.0011735273343137641,10,0.9,0.7,0.01,"{'max_depth': 10, 'max_features': 0.9, 'max_samples': 0.7, 'min_samples_split': 0.01}",0.495,0.545,0.545,0.505,0.52,0.522,0.02039607805437116,207
0.6974384307861328,0.054203914916909596,0.012006616592407227,0.0011290081823050772,10,0.9,0.7,0.03,"{'max_depth': 10, 'max_features': 0.9, 'max_samples': 0.7, 'min_samples_split': 0.03}",0.525,0.53,0.565,0.5,0.555,0.535,0.023021728866442666,65
0.6581374645233155,0.03976301325103359,0.011717271804809571,0.0008436349486507297,10,0.9,0.7,0.07,"{'max_depth': 10, 'max_features': 0.9, 'max_samples': 0.7, 'min_samples_split': 0.07}",0.53,0.575,0.54,0.555,0.48,0.536,0.031843366656181316,54
0.555653190612793,0.0260600856666502,0.009562206268310548,0.0012882357699256519,10,0.9,0.7,0.1,"{'max_depth': 10, 'max_features': 0.9, 'max_samples': 0.7, 'min_samples_split': 0.1}",0.495,0.535,0.505,0.555,0.515,0.5210000000000001,0.021540659228538036,214
0.7743966102600097,0.03374975672170541,0.010898542404174805,0.001590532491145747,10,0.9,0.8,0.01,"{'max_depth': 10, 'max_features': 0.9, 'max_samples': 0.8, 'min_samples_split': 0.01}",0.51,0.52,0.525,0.535,0.54,0.526,0.01067707825203132,172
0.6829046249389649,0.03635317235014244,0.012986421585083008,0.0035076953513973157,10,0.9,0.8,0.03,"{'max_depth': 10, 'max_features': 0.9, 'max_samples': 0.8, 'min_samples_split': 0.03}",0.515,0.53,0.56,0.555,0.54,0.54,0.016431676725154998,26
0.6788538455963135,0.04363507567848326,0.01178436279296875,0.0032372470856555507,10,0.9,0.8,0.07,"{'max_depth': 10, 'max_features': 0.9, 'max_samples': 0.8, 'min_samples_split': 0.07}",0.53,0.56,0.54,0.525,0.525,0.536,0.01319090595827293,54
0.6002020359039306,0.018350556089376337,0.008526802062988281,0.0007514648171089697,10,0.9,0.8,0.1,"{'max_depth': 10, 'max_features': 0.9, 'max_samples': 0.8, 'min_samples_split': 0.1}",0.535,0.525,0.52,0.56,0.49,0.526,0.02267156809750929,172
0.8222538948059082,0.01922747950264526,0.011000823974609376,0.0013289534185623097,10,0.9,0.9,0.01,"{'max_depth': 10, 'max_features': 0.9, 'max_samples': 0.9, 'min_samples_split': 0.01}",0.485,0.53,0.53,0.52,0.55,0.523,0.02135415650406264,198
0.7512040615081788,0.0780592972446522,0.01183457374572754,0.0027771702309749096,10,0.9,0.9,0.03,"{'max_depth': 10, 'max_features': 0.9, 'max_samples': 0.9, 'min_samples_split': 0.03}",0.495,0.55,0.555,0.56,0.545,0.541,0.023537204591879662,20
0.6758092880249024,0.030901637204533018,0.009771776199340821,0.0009271147380742777,10,0.9,0.9,0.07,"{'max_depth': 10, 'max_features': 0.9, 'max_samples': 0.9, 'min_samples_split': 0.07}",0.515,0.55,0.555,0.54,0.52,0.536,0.015937377450509244,54
0.6211472034454346,0.026293005139301717,0.009387350082397461,0.0007993267464602485,10,0.9,0.9,0.1,"{'max_depth': 10, 'max_features': 0.9, 'max_samples': 0.9, 'min_samples_split': 0.1}",0.515,0.54,0.525,0.525,0.51,0.523,0.01029563014098701,198
0.9088590621948243,0.02308663273306923,0.010627412796020507,0.0014442012486839807,10,0.9,1.0,0.01,"{'max_depth': 10, 'max_features': 0.9, 'max_samples': 1.0, 'min_samples_split': 0.01}",0.465,0.51,0.53,0.525,0.505,0.507,0.02293468988235943,256
0.8064423084259034,0.06328068902060655,0.009994888305664062,0.000649705730927637,10,0.9,1.0,0.03,"{'max_depth': 10, 'max_features': 0.9, 'max_samples': 1.0, 'min_samples_split': 0.03}",0.515,0.53,0.485,0.55,0.525,0.521,0.021307275752662534,216
0.7382586479187012,0.06511288149519923,0.009980201721191406,0.0017971383879253158,10,0.9,1.0,0.07,"{'max_depth': 10, 'max_features': 0.9, 'max_samples': 1.0, 'min_samples_split': 0.07}",0.52,0.515,0.53,0.525,0.53,0.524,0.0058309518948453055,189
0.7103894710540771,0.04854397912771642,0.010484457015991211,0.0013729532061447572,10,0.9,1.0,0.1,"{'max_depth': 10, 'max_features': 0.9, 'max_samples': 1.0, 'min_samples_split': 0.1}",0.49,0.52,0.53,0.53,0.51,0.516,0.014966629547095779,246
0.8075601577758789,0.026475150132610228,0.011733102798461913,0.0008975919565424031,10,1.0,0.7,0.01,"{'max_depth': 10, 'max_features': 1.0, 'max_samples': 0.7, 'min_samples_split': 0.01}",0.525,0.52,0.51,0.51,0.52,0.517,0.006000000000000005,240
0.7047512054443359,0.03268127040449637,0.009111833572387696,0.00041508890717813224,10,1.0,0.7,0.03,"{'max_depth': 10, 'max_features': 1.0, 'max_samples': 0.7, 'min_samples_split': 0.03}",0.495,0.535,0.535,0.545,0.525,0.5269999999999999,0.01720465053408527,167
0.6104046821594238,0.03791219862608611,0.010561895370483399,0.002441932299311176,10,1.0,0.7,0.07,"{'max_depth': 10, 'max_features': 1.0, 'max_samples': 0.7, 'min_samples_split': 0.07}",0.51,0.565,0.505,0.53,0.52,0.526,0.021307275752662495,172
0.623882246017456,0.045919160813058114,0.012711286544799805,0.0019116796733040643,10,1.0,0.7,0.1,"{'max_depth': 10, 'max_features': 1.0, 'max_samples': 0.7, 'min_samples_split': 0.1}",0.495,0.555,0.555,0.505,0.535,0.529,0.024979991993593614,140
0.8129085540771485,0.03640331835131974,0.010338592529296874,0.0014713606297495452,10,1.0,0.8,0.01,"{'max_depth': 10, 'max_features': 1.0, 'max_samples': 0.8, 'min_samples_split': 0.01}",0.485,0.54,0.525,0.545,0.51,0.5209999999999999,0.021771541057077258,222
0.7805946350097657,0.014694511358509308,0.01258397102355957,0.0028287489271070195,10,1.0,0.8,0.03,"{'max_depth': 10, 'max_features': 1.0, 'max_samples': 0.8, 'min_samples_split': 0.03}",0.515,0.54,0.535,0.52,0.49,0.5200000000000001,0.017606816861659026,224
0.6091581344604492,0.0253378284432833,0.009198665618896484,0.0009319735231961572,10,1.0,0.8,0.07,"{'max_depth': 10, 'max_features': 1.0, 'max_samples': 0.8, 'min_samples_split': 0.07}",0.5,0.545,0.525,0.535,0.535,0.528,0.01536229149573723,147
0.6112373828887939,0.04396585558490342,0.00861363410949707,0.0006953915815689051,10,1.0,0.8,0.1,"{'max_depth': 10, 'max_features': 1.0, 'max_samples': 0.8, 'min_samples_split': 0.1}",0.51,0.515,0.53,0.505,0.485,0.509,0.014628738838327807,255
0.9233639717102051,0.05008771645828222,0.010610437393188477,0.001894840806991168,10,1.0,0.9,0.01,"{'max_depth': 10, 'max_features': 1.0, 'max_samples': 0.9, 'min_samples_split': 0.01}",0.48,0.54,0.525,0.535,0.54,0.524,0.02267156809750929,189
0.8450734615325928,0.029525667703371405,0.008939647674560547,0.00025640734264365916,10,1.0,0.9,0.03,"{'max_depth': 10, 'max_features': 1.0, 'max_samples': 0.9, 'min_samples_split': 0.03}",0.565,0.505,0.525,0.555,0.545,0.5389999999999999,0.021540659228538008,35
0.6604197025299072,0.019736413779035185,0.008266067504882813,0.0007623679822221994,10,1.0,0.9,0.07,"{'max_depth': 10, 'max_features': 1.0, 'max_samples': 0.9, 'min_samples_split': 0.07}",0.495,0.55,0.53,0.53,0.545,0.53,0.01923538406167136,118
0.680665922164917,0.06496837689070888,0.009671592712402343,0.001148564509546656,10,1.0,0.9,0.1,"{'max_depth': 10, 'max_features': 1.0, 'max_samples': 0.9, 'min_samples_split': 0.1}",0.535,0.54,0.525,0.52,0.515,0.527,0.009273618495495713,163
0.9865304946899414,0.060977330340994215,0.011237335205078126,0.0009158183842233591,10,1.0,1.0,0.01,"{'max_depth': 10, 'max_features': 1.0, 'max_samples': 1.0, 'min_samples_split': 0.01}",0.505,0.515,0.555,0.525,0.52,0.524,0.01685229954635273,189
0.9022627353668213,0.010644494256564139,0.010473394393920898,0.0009402803489748328,10,1.0,1.0,0.03,"{'max_depth': 10, 'max_features': 1.0, 'max_samples': 1.0, 'min_samples_split': 0.03}",0.515,0.575,0.495,0.52,0.525,0.526,0.02653299832284318,172
0.7329955577850342,0.03323939637737637,0.009054136276245118,0.001049808822130916,10,1.0,1.0,0.07,"{'max_depth': 10, 'max_features': 1.0, 'max_samples': 1.0, 'min_samples_split': 0.07}",0.53,0.51,0.545,0.535,0.525,0.529,0.011575836902790236,140
0.7577777862548828,0.06323257085562009,0.009537363052368164,0.0009188936923945278,10,1.0,1.0,0.1,"{'max_depth': 10, 'max_features': 1.0, 'max_samples': 1.0, 'min_samples_split': 0.1}",0.515,0.53,0.53,0.535,0.515,0.525,0.008366600265340762,182
